{"0":{"x":1672617600000,"c":100.0},"1":{"x":1672704000000,"c":100.1928927625},"2":{"x":1672790400000,"c":99.1509799085},"3":{"x":1672876800000,"c":98.8718263441},"4":{"x":1672963200000,"c":98.1425968226},"5":{"x":1673222400000,"c":99.4710797165},"6":{"x":1673308800000,"c":98.4431948417},"7":{"x":1673395200000,"c":98.3418005657},"8":{"x":1673481600000,"c":98.135727728},"9":{"x":1673568000000,"c":98.6764650008},"10":{"x":1673827200000,"c":98.337131728},"11":{"x":1673913600000,"c":99.2078645981},"12":{"x":1674000000000,"c":99.8236037975},"13":{"x":1674086400000,"c":99.5076254463},"14":{"x":1674172800000,"c":99.0669086305},"15":{"x":1674432000000,"c":99.5664313358},"16":{"x":1674518400000,"c":99.5650575169},"17":{"x":1674604800000,"c":98.3211932819},"18":{"x":1674777600000,"c":96.740754145},"19":{"x":1675036800000,"c":96.9858412934},"20":{"x":1675123200000,"c":97.0583853721},"21":{"x":1675209600000,"c":96.8064291291},"22":{"x":1675296000000,"c":96.774004856},"23":{"x":1675382400000,"c":98.1129309203},"24":{"x":1675641600000,"c":97.6213720716},"25":{"x":1675728000000,"c":97.3845278367},"26":{"x":1675814400000,"c":98.2099139496},"27":{"x":1675900800000,"c":98.3294361954},"28":{"x":1675987200000,"c":98.1263900525},"29":{"x":1676246400000,"c":97.6559966015},"30":{"x":1676332800000,"c":98.5294663765},"31":{"x":1676419200000,"c":99.0020600844},"32":{"x":1676505600000,"c":99.1119655979},"33":{"x":1676592000000,"c":98.6083214358},"34":{"x":1676851200000,"c":98.0609941254},"35":{"x":1676937600000,"c":97.9626265443},"36":{"x":1677024000000,"c":96.4657220374},"37":{"x":1677110400000,"c":96.2291461265},"38":{"x":1677196800000,"c":95.9793901403},"39":{"x":1677456000000,"c":95.5776769023},"40":{"x":1677542400000,"c":95.0899711863},"41":{"x":1677628800000,"c":95.8975083862},"42":{"x":1677715200000,"c":95.1886178244},"43":{"x":1677801600000,"c":96.6858013883},"44":{"x":1678060800000,"c":97.329296023},"45":{"x":1678233600000,"c":97.5653245529},"46":{"x":1678320000000,"c":96.6596988288},"47":{"x":1678406400000,"c":95.6886879106},"48":{"x":1678665600000,"c":94.2676117682},"49":{"x":1678752000000,"c":93.6576361685},"50":{"x":1678838400000,"c":93.2666451578},"51":{"x":1678924800000,"c":93.3405523224},"52":{"x":1679011200000,"c":93.969493063},"53":{"x":1679270400000,"c":93.3559433875},"54":{"x":1679356800000,"c":94.0104285735},"55":{"x":1679443200000,"c":94.25442096},"56":{"x":1679529600000,"c":93.8422752845},"57":{"x":1679616000000,"c":93.1177253337},"58":{"x":1679875200000,"c":93.3410997034},"59":{"x":1679961600000,"c":93.1542603305},"60":{"x":1680048000000,"c":93.8631508923},"61":{"x":1680220800000,"c":95.396611862},"62":{"x":1680480000000,"c":95.6070852135},"63":{"x":1680652800000,"c":96.4808340455},"64":{"x":1680739200000,"c":96.7121830047},"65":{"x":1681084800000,"c":96.8490175155},"66":{"x":1681171200000,"c":97.3889283504},"67":{"x":1681257600000,"c":97.8840505419},"68":{"x":1681344000000,"c":97.9697746958},"69":{"x":1681689600000,"c":97.3040199015},"70":{"x":1681776000000,"c":97.0473948207},"71":{"x":1681862400000,"c":96.8198882613},"72":{"x":1681948800000,"c":96.8512070394},"73":{"x":1682035200000,"c":96.8490175155},"74":{"x":1682294400000,"c":97.5048765205},"75":{"x":1682380800000,"c":97.6469272501},"76":{"x":1682467200000,"c":97.8906405796},"77":{"x":1682553600000,"c":98.4481427364},"78":{"x":1682640000000,"c":99.2721550303},"79":{"x":1682985600000,"c":99.7263417113},"80":{"x":1683072000000,"c":99.4087104842},"81":{"x":1683158400000,"c":100.3206579219},"82":{"x":1683244800000,"c":99.294136133},"83":{"x":1683504000000,"c":100.3679151461},"84":{"x":1683590400000,"c":100.3764263836},"85":{"x":1683676800000,"c":100.6465213295},"86":{"x":1683763200000,"c":100.5470589864},"87":{"x":1683849600000,"c":100.6448791866},"88":{"x":1684108800000,"c":101.1067506671},"89":{"x":1684195200000,"c":100.4893585919},"90":{"x":1684281600000,"c":99.9137284651},"91":{"x":1684368000000,"c":99.6290688921},"92":{"x":1684454400000,"c":100.03270333},"93":{"x":1684713600000,"c":100.6426789297},"94":{"x":1684800000000,"c":100.8273180457},"95":{"x":1684886400000,"c":100.4833159352},"96":{"x":1684972800000,"c":100.6797720405},"97":{"x":1685059200000,"c":101.6590258722},"98":{"x":1685318400000,"c":102.2047110397},"99":{"x":1685404800000,"c":102.3981404502},"100":{"x":1685491200000,"c":101.8516395777},"101":{"x":1685577600000,"c":101.595282821},"102":{"x":1685664000000,"c":101.8499867019},"103":{"x":1685923200000,"c":102.1783294233},"104":{"x":1686009600000,"c":102.2066322396},"105":{"x":1686096000000,"c":102.9067325069},"106":{"x":1686182400000,"c":102.401993583},"107":{"x":1686268800000,"c":102.0110025723},"108":{"x":1686528000000,"c":102.2203704288},"109":{"x":1686614400000,"c":102.8504059313},"110":{"x":1686700800000,"c":103.0688431393},"111":{"x":1686787200000,"c":102.6962591555},"112":{"x":1686873600000,"c":103.4540598174},"113":{"x":1687132800000,"c":103.0663638255},"114":{"x":1687219200000,"c":103.4029494604},"115":{"x":1687305600000,"c":103.6235869253},"116":{"x":1687392000000,"c":103.1531934743},"117":{"x":1687478400000,"c":102.5720680719},"118":{"x":1687737600000,"c":102.7132923635},"119":{"x":1687824000000,"c":103.4068025932},"120":{"x":1687910400000,"c":104.2569174466},"121":{"x":1688083200000,"c":105.4491239436},"122":{"x":1688342400000,"c":106.1827432459},"123":{"x":1688428800000,"c":106.5479000212},"124":{"x":1688515200000,"c":106.6001051401},"125":{"x":1688601600000,"c":107.1430426697},"126":{"x":1688688000000,"c":106.2335745459},"127":{"x":1688947200000,"c":106.366008543},"128":{"x":1689033600000,"c":106.8248640617},"129":{"x":1689120000000,"c":106.5220765187},"130":{"x":1689206400000,"c":106.6839080941},"131":{"x":1689292800000,"c":107.5123209018},"132":{"x":1689552000000,"c":108.3198473687},"133":{"x":1689638400000,"c":108.5275730823},"134":{"x":1689724800000,"c":108.9886288579},"135":{"x":1689811200000,"c":109.7909391061},"136":{"x":1689897600000,"c":108.5042181607},"137":{"x":1690156800000,"c":108.1049842365},"138":{"x":1690243200000,"c":108.1503202608},"139":{"x":1690329600000,"c":108.6872151338},"140":{"x":1690416000000,"c":108.0365723476},"141":{"x":1690502400000,"c":107.9604649261},"142":{"x":1690761600000,"c":108.5525808798},"143":{"x":1690848000000,"c":108.4413015475},"144":{"x":1690934400000,"c":107.3037794832},"145":{"x":1691020800000,"c":106.5075118916},"146":{"x":1691107200000,"c":107.2512953073},"147":{"x":1691366400000,"c":107.692570237},"148":{"x":1691452800000,"c":107.5472137557},"149":{"x":1691539200000,"c":107.8862787045},"150":{"x":1691625600000,"c":107.3947198558},"151":{"x":1691712000000,"c":106.7638686483},"152":{"x":1691971200000,"c":106.7982141213},"153":{"x":1692144000000,"c":106.9655409723},"154":{"x":1692230400000,"c":106.417387224},"155":{"x":1692316800000,"c":106.114599681},"156":{"x":1692576000000,"c":106.5731761427},"157":{"x":1692662400000,"c":106.5888355318},"158":{"x":1692748800000,"c":106.8501401832},"159":{"x":1692835200000,"c":106.535256594},"160":{"x":1692921600000,"c":105.8708863515},"161":{"x":1693180800000,"c":106.0920711973},"162":{"x":1693267200000,"c":106.2931961403},"163":{"x":1693353600000,"c":106.3195670238},"164":{"x":1693440000000,"c":105.8049430434},"165":{"x":1693526400000,"c":106.802335578},"166":{"x":1693785600000,"c":107.3161438534},"167":{"x":1693872000000,"c":107.5694739154},"168":{"x":1693958400000,"c":107.7681302775},"169":{"x":1694044800000,"c":108.4055822556},"170":{"x":1694131200000,"c":108.9160847792},"171":{"x":1694390400000,"c":109.8854535545},"172":{"x":1694476800000,"c":109.8681412895},"173":{"x":1694563200000,"c":110.2901827544},"174":{"x":1694649600000,"c":110.4720742326},"175":{"x":1694736000000,"c":110.9625275864},"176":{"x":1694995200000,"c":110.6380379977},"177":{"x":1695168000000,"c":109.3636814226},"178":{"x":1695254400000,"c":108.4896535336},"179":{"x":1695340800000,"c":108.1154274069},"180":{"x":1695600000000,"c":108.1170802828},"181":{"x":1695686400000,"c":108.062943231},"182":{"x":1695772800000,