{"0":{"x":1672704000000,"c":100.0},"1":{"x":1672790400000,"c":101.2457694126},"2":{"x":1672876800000,"c":100.140510585},"3":{"x":1672963200000,"c":102.4030015381},"4":{"x":1673222400000,"c":102.5806408878},"5":{"x":1673308800000,"c":104.1080032185},"6":{"x":1673395200000,"c":105.3303518761},"7":{"x":1673481600000,"c":107.1587326157},"8":{"x":1673568000000,"c":107.7853267122},"9":{"x":1673913600000,"c":107.6288211251},"10":{"x":1674000000000,"c":105.9192454598},"11":{"x":1674086400000,"c":104.890531154},"12":{"x":1674172800000,"c":106.6606493664},"13":{"x":1674432000000,"c":107.9989513303},"14":{"x":1674518400000,"c":107.7042151781},"15":{"x":1674604800000,"c":107.9732435828},"16":{"x":1674691200000,"c":108.7009464523},"17":{"x":1674777600000,"c":109.1807407345},"18":{"x":1675036800000,"c":107.7104974348},"19":{"x":1675123200000,"c":110.3505373735},"20":{"x":1675209600000,"c":111.9995704917},"21":{"x":1675296000000,"c":114.3077455135},"22":{"x":1675382400000,"c":113.4115512642},"23":{"x":1675641600000,"c":111.8230676657},"24":{"x":1675728000000,"c":112.6735708738},"25":{"x":1675814400000,"c":110.9594281961},"26":{"x":1675900800000,"c":109.4023628537},"27":{"x":1675987200000,"c":109.6005711903},"28":{"x":1676246400000,"c":110.8760366421},"29":{"x":1676332800000,"c":110.8057813496},"30":{"x":1676419200000,"c":112.0087045164},"31":{"x":1676505600000,"c":110.9371509373},"32":{"x":1676592000000,"c":111.1741963104},"33":{"x":1676937600000,"c":107.8527232642},"34":{"x":1677024000000,"c":108.2222886938},"35":{"x":1677110400000,"c":108.988249879},"36":{"x":1677196800000,"c":107.9829563282},"37":{"x":1677456000000,"c":108.3131060007},"38":{"x":1677542400000,"c":108.3542300296},"39":{"x":1677628800000,"c":108.4364850599},"40":{"x":1677715200000,"c":108.6780974454},"41":{"x":1677801600000,"c":110.1403432441},"42":{"x":1678060800000,"c":108.512450861},"43":{"x":1678147200000,"c":107.3106642179},"44":{"x":1678233600000,"c":107.3540752393},"45":{"x":1678320000000,"c":104.3330488538},"46":{"x":1678406400000,"c":101.2549034373},"47":{"x":1678665600000,"c":99.6327285354},"48":{"x":1678752000000,"c":101.4942358029},"49":{"x":1678838400000,"c":99.7263976104},"50":{"x":1678924800000,"c":101.1715118833},"51":{"x":1679011200000,"c":98.5811652227},"52":{"x":1679270400000,"c":99.67213732},"53":{"x":1679356800000,"c":101.5427855847},"54":{"x":1679443200000,"c":98.6651285248},"55":{"x":1679529600000,"c":98.2613000436},"56":{"x":1679616000000,"c":99.0969517459},"57":{"x":1679875200000,"c":100.1679335768},"58":{"x":1679961600000,"c":100.1085275534},"59":{"x":1680048000000,"c":101.1920738977},"60":{"x":1680134400000,"c":101.0081522914},"61":{"x":1680220800000,"c":102.9559098535},"62":{"x":1680480000000,"c":102.9462040806},"63":{"x":1680566400000,"c":101.0806945763},"64":{"x":1680652800000,"c":100.0799680379},"65":{"x":1680739200000,"c":100.21305287},"66":{"x":1681084800000,"c":101.2400519315},"67":{"x":1681171200000,"c":102.0482876144},"68":{"x":1681257600000,"c":101.3120224683},"69":{"x":1681344000000,"c":102.6246236573},"70":{"x":1681430400000,"c":101.7375634327},"71":{"x":1681689600000,"c":102.9764718679},"72":{"x":1681776000000,"c":102.5600788733},"73":{"x":1681862400000,"c":102.782265768},"74":{"x":1681948800000,"c":102.2259269641},"75":{"x":1682035200000,"c":102.329315757},"76":{"x":1682294400000,"c":102.1785206785},"77":{"x":1682380800000,"c":99.7269693585},"78":{"x":1682467200000,"c":98.8393443583},"79":{"x":1682553600000,"c":100.0279877674},"80":{"x":1682640000000,"c":101.0429940636},"81":{"x":1682899200000,"c":101.055558577},"82":{"x":1682985600000,"c":98.936443922},"83":{"x":1683072000000,"c":99.3459898842},"84":{"x":1683158400000,"c":98.1767649934},"85":{"x":1683244800000,"c":100.522640528},"86":{"x":1683504000000,"c":100.2136246181},"87":{"x":1683590400000,"c":99.940029201},"88":{"x":1683676800000,"c":100.5015067655},"89":{"x":1683763200000,"c":99.6561423179},"90":{"x":1683849600000,"c":99.435663695},"91":{"x":1684108800000,"c":100.6180318199},"92":{"x":1684195200000,"c":99.1689222827},"93":{"x":1684281600000,"c":101.3577204821},"94":{"x":1684368000000,"c":101.9494728064},"95":{"x":1684454400000,"c":101.3131659645},"96":{"x":1684713600000,"c":102.550366128},"97":{"x":1684800000000,"c":102.1122606502},"98":{"x":1684886400000,"c":100.9293277497},"99":{"x":1684972800000,"c":100.221050371},"100":{"x":1685059200000,"c":101.2731854319},"101":{"x":1685404800000,"c":100.9458944999},"102":{"x":1685491200000,"c":99.9383139567},"103":{"x":1685577600000,"c":100.983016292},"104":{"x":1685664000000,"c":104.5798069723},"105":{"x":1685923200000,"c":103.1975222389},"106":{"x":1686009600000,"c":105.9786514833},"107":{"x":1686096000000,"c":107.8664312738},"108":{"x":1686182400000,"c":107.4283327686},"109":{"x":1686268800000,"c":106.567545067},"110":{"x":1686528000000,"c":106.9959377994},"111":{"x":1686614400000,"c":108.3165295168},"112":{"x":1686700800000,"c":107.0467745737},"113":{"x":1686787200000,"c":107.9138445319},"114":{"x":1686873600000,"c":107.1250273672},"115":{"x":1687219200000,"c":106.6240923499},"116":{"x":1687305600000,"c":106.4133264724},"117":{"x":1687392000000,"c":105.566253753},"118":{"x":1687478400000,"c":104.0497406913},"119":{"x":1687737600000,"c":104.1428449907},"120":{"x":1687824000000,"c":105.6662120572},"121":{"x":1687910400000,"c":106.1677118501},"122":{"x":1687996800000,"c":107.4745955579},"123":{"x":1688083200000,"c":107.8824262759},"124":{"x":1688342400000,"c":108.3422372643},"125":{"x":1688515200000,"c":106.9788062736},"126":{"x":1688601600000,"c":105.2263913351},"127":{"x":1688688000000,"c":106.507574268},"128":{"x":1688947200000,"c":108.2548434735},"129":{"x":1689033600000,"c":109.2892682879},"130":{"x":1689120000000,"c":110.4327924038},"131":{"x":1689206400000,"c":111.4329471942},"132":{"x":1689292800000,"c":110.3019875917},"133":{"x":1689552000000,"c":111.4546527049},"134":{"x":1689638400000,"c":112.8712004898},"135":{"x":1689724800000,"c":113.3749942477},"136":{"x":1689811200000,"c":112.3622749439},"137":{"x":1689897600000,"c":111.9681522356},"138":{"x":1690156800000,"c":112.2777398937},"139":{"x":1690243200000,"c":112.3022971724},"140":{"x":1690329600000,"c":113.1162433639},"141":{"x":1690416000000,"c":111.6619950662},"142":{"x":1690502400000,"c":113.1836468884},"143":{"x":1690761600000,"c":114.4197035556},"144":{"x":1690848000000,"c":113.9050605286},"145":{"x":1690934400000,"c":112.3434212013},"146":{"x":1691020800000,"c":112.0332687676},"147":{"x":1691107200000,"c":111.8082161598},"148":{"x":1691366400000,"c":111.8927512101},"149":{"x":1691452800000,"c":111.2347458301},"150":{"x":1691539200000,"c":110.2837125697},"151":{"x":1691625600000,"c":109.8181910726},"152":{"x":1691712000000,"c":109.960416902},"153":{"x":1691971200000,"c":109.6965272577},"154":{"x":1692057600000,"c":108.283402989},"155":{"x":1692144000000,"c":106.8994099838},"156":{"x":1692230400000,"c":105.6736378101},"157":{"x":1692316800000,"c":106.2082711034},"158":{"x":1692576000000,"c":106.0134932555},"159":{"x":1692662400000,"c":105.7181853552},"160":{"x":1692748800000,"c":106.8143031855},"161":{"x":1692835200000,"c":105.4577261996},"162":{"x":1692921600000,"c":105.8775496828},"163":{"x":1693180800000,"c":106.7560406583},"164":{"x":1693267200000,"c":108.2714102237},"165":{"x":1693353600000,"c":108.7095087289},"166":{"x":1693440000000,"c":108.5078838487},"167":{"x":1693526400000,"c":109.715945776},"168":{"x":1693872000000,"c":107.4094790259},"169":{"x":1693958400000,"c":107.0570590672},"170":{"x":1694044800000,"c":105.9992134977},"171":{"x":1694131200000,"c":105.7581728604},"172":{"x":1694390400000,"c":105.9637999774},"173":{"x":1694476800000,"c":105.9740774984},"174":{"x":1694563200000,"c":105.1469950453},"175":{"x":1694649600000,"c":106.6200970856},"176":{"x":1694736000000,"c":105.5005654728},"177":{"x":1694995200000,"c":104.773441324},"178":{"x":1695081600000,"c":104.3296253376},"179":{"x":1695168000000,"c":103.3911565907},"180":{"x":1695254400000,"c":101.7764004691},