{"0":{"x":1672704000000,"c":100.0},"1":{"x":1672790400000,"c":100.7538970575},"2":{"x":1672876800000,"c":99.5805646401},"3":{"x":1672963200000,"c":101.8550625118},"4":{"x":1673222400000,"c":101.7768752509},"5":{"x":1673308800000,"c":102.4870980166},"6":{"x":1673395200000,"c":103.8039982566},"7":{"x":1673481600000,"c":104.1585829432},"8":{"x":1673568000000,"c":104.5748900466},"9":{"x":1673913600000,"c":104.3625516537},"10":{"x":1674000000000,"c":102.7383991639},"11":{"x":1674086400000,"c":101.9536472822},"12":{"x":1674172800000,"c":103.8824472696},"13":{"x":1674432000000,"c":105.1167104633},"14":{"x":1674518400000,"c":105.0419195953},"15":{"x":1674604800000,"c":105.0228308462},"16":{"x":1674691200000,"c":106.178906779},"17":{"x":1674777600000,"c":106.4438062659},"18":{"x":1675036800000,"c":105.063364113},"19":{"x":1675123200000,"c":106.6017513002},"20":{"x":1675209600000,"c":107.7159852058},"21":{"x":1675296000000,"c":109.2993426767},"22":{"x":1675382400000,"c":108.1675905345},"23":{"x":1675641600000,"c":107.5033914451},"24":{"x":1675728000000,"c":108.8872299908},"25":{"x":1675814400000,"c":107.6806805963},"26":{"x":1675900800000,"c":106.7298821343},"27":{"x":1675987200000,"c":106.9641821649},"28":{"x":1676246400000,"c":108.1887733002},"29":{"x":1676332800000,"c":108.1584355959},"30":{"x":1676419200000,"c":108.4583779402},"31":{"x":1676505600000,"c":106.9628734045},"32":{"x":1676592000000,"c":106.6668637255},"33":{"x":1676937600000,"c":104.5291281223},"34":{"x":1677024000000,"c":104.3646456704},"35":{"x":1677110400000,"c":104.920849683},"36":{"x":1677196800000,"c":103.8152408276},"37":{"x":1677456000000,"c":104.1342655368},"38":{"x":1677542400000,"c":103.8181137162},"39":{"x":1677628800000,"c":103.3275456331},"40":{"x":1677715200000,"c":104.1109951386},"41":{"x":1677801600000,"c":105.7921521237},"42":{"x":1678060800000,"c":105.8648489751},"43":{"x":1678147200000,"c":104.2422669977},"44":{"x":1678233600000,"c":104.389748333},"45":{"x":1678320000000,"c":102.4627806102},"46":{"x":1678406400000,"c":100.9793102858},"47":{"x":1678665600000,"c":100.826855661},"48":{"x":1678752000000,"c":102.488145025},"49":{"x":1678838400000,"c":101.7726872177},"50":{"x":1678924800000,"c":103.5600197833},"51":{"x":1679011200000,"c":102.4188445663},"52":{"x":1679270400000,"c":103.3322571705},"53":{"x":1679356800000,"c":104.673736569},"54":{"x":1679443200000,"c":102.9504694204},"55":{"x":1679529600000,"c":103.2577280545},"56":{"x":1679616000000,"c":103.8400817382},"57":{"x":1679875200000,"c":104.0111016079},"58":{"x":1679961600000,"c":103.8474044121},"59":{"x":1680048000000,"c":105.3259078312},"60":{"x":1680134400000,"c":105.9278737681},"61":{"x":1680220800000,"c":107.4571060167},"62":{"x":1680480000000,"c":107.8545733546},"63":{"x":1680566400000,"c":107.2293434039},"64":{"x":1680652800000,"c":106.9620881483},"65":{"x":1680739200000,"c":107.3449229067},"66":{"x":1681084800000,"c":107.4518709751},"67":{"x":1681171200000,"c":107.447427574},"68":{"x":1681257600000,"c":107.0031449193},"69":{"x":1681344000000,"c":108.4222944587},"70":{"x":1681430400000,"c":108.1979282387},"71":{"x":1681689600000,"c":108.555647566},"72":{"x":1681776000000,"c":108.6484865591},"73":{"x":1681862400000,"c":108.6393316205},"74":{"x":1681948800000,"c":107.9926507678},"75":{"x":1682035200000,"c":108.0901885298},"76":{"x":1682294400000,"c":108.1822358824},"77":{"x":1682380800000,"c":106.4717818173},"78":{"x":1682467200000,"c":106.0628037721},"79":{"x":1682553600000,"c":108.1380444707},"80":{"x":1682640000000,"c":109.030529677},"81":{"x":1682899200000,"c":108.9884322819},"82":{"x":1682985600000,"c":107.7256636485},"83":{"x":1683072000000,"c":106.9717665909},"84":{"x":1683158400000,"c":106.1995660406},"85":{"x":1683244800000,"c":108.1615766209},"86":{"x":1683504000000,"c":108.21047957},"87":{"x":1683590400000,"c":107.7149381975},"88":{"x":1683676800000,"c":108.1979282387},"89":{"x":1683763200000,"c":108.0143570376},"90":{"x":1683849600000,"c":107.8433371679},"91":{"x":1684108800000,"c":108.1623554929},"92":{"x":1684195200000,"c":107.4725302367},"93":{"x":1684281600000,"c":108.7504677222},"94":{"x":1684368000000,"c":109.7776211805},"95":{"x":1684454400000,"c":109.6188972742},"96":{"x":1684713600000,"c":109.6358920067},"97":{"x":1684800000000,"c":108.4055550941},"98":{"x":1684886400000,"c":107.6121781623},"99":{"x":1684972800000,"c":108.5546005577},"100":{"x":1685059200000,"c":109.9711389605},"101":{"x":1685404800000,"c":109.9729648409},"102":{"x":1685491200000,"c":109.3011813254},"103":{"x":1685577600000,"c":110.3782847412},"104":{"x":1685664000000,"c":111.9825696099},"105":{"x":1685923200000,"c":111.7582033899},"106":{"x":1686009600000,"c":112.0212706123},"107":{"x":1686096000000,"c":111.5942444421},"108":{"x":1686182400000,"c":112.2848613388},"109":{"x":1686268800000,"c":112.4137710449},"110":{"x":1686528000000,"c":113.4615965332},"111":{"x":1686614400000,"c":114.248167911},"112":{"x":1686700800000,"c":114.3417857761},"113":{"x":1686787200000,"c":115.7342557562},"114":{"x":1686873600000,"c":115.3093236026},"115":{"x":1687219200000,"c":114.7633215368},"116":{"x":1687305600000,"c":114.1613556},"117":{"x":1687392000000,"c":114.5849853773},"118":{"x":1687478400000,"c":113.7074008868},"119":{"x":1687737600000,"c":113.1972141663},"120":{"x":1687824000000,"c":114.493985033},"121":{"x":1687910400000,"c":114.4534453819},"122":{"x":1687996800000,"c":114.9654579828},"123":{"x":1688083200000,"c":116.3759697037},"124":{"x":1688342400000,"c":116.512208468},"125":{"x":1688515200000,"c":116.2828753427},"126":{"x":1688601600000,"c":115.3616229446},"127":{"x":1688688000000,"c":115.0311002966},"128":{"x":1688947200000,"c":115.3077530902},"129":{"x":1689033600000,"c":116.0851822979},"130":{"x":1689120000000,"c":116.9455166881},"131":{"x":1689206400000,"c":117.9360631606},"132":{"x":1689292800000,"c":117.8152486163},"133":{"x":1689552000000,"c":118.2694714657},"134":{"x":1689638400000,"c":119.1112278426},"135":{"x":1689724800000,"c":119.3920814378},"136":{"x":1689811200000,"c":118.5853615342},"137":{"x":1689897600000,"c":118.6237944003},"138":{"x":1690156800000,"c":119.1023410404},"139":{"x":1690243200000,"c":119.4375752258},"140":{"x":1690329600000,"c":119.4190099809},"141":{"x":1690416000000,"c":118.65178272},"142":{"x":1690502400000,"c":119.823806377},"143":{"x":1690761600000,"c":119.999793152},"144":{"x":1690848000000,"c":119.6799831866},"145":{"x":1690934400000,"c":118.0236671121},"146":{"x":1691020800000,"c":117.7229458958},"147":{"x":1691107200000,"c":117.0990055528},"148":{"x":1691366400000,"c":118.1557178433},"149":{"x":1691452800000,"c":117.657303582},"150":{"x":1691539200000,"c":116.8291455448},"151":{"x":1691625600000,"c":116.8584362407},"152":{"x":1691712000000,"c":116.7334336631},"153":{"x":1691971200000,"c":117.4047064428},"154":{"x":1692057600000,"c":116.0485753122},"155":{"x":1692144000000,"c":115.1717824621},"156":{"x":1692230400000,"c":114.2834725205},"157":{"x":1692316800000,"c":114.2664777881},"158":{"x":1692576000000,"c":115.0525384302},"159":{"x":1692662400000,"c":114.7329838326},"160":{"x":1692748800000,"c":116.0001958672},"161":{"x":1692835200000,"c":114.4390681703},"162":{"x":1692921600000,"c":115.2078659436},"163":{"x":1693180800000,"c":115.9295994165},"164":{"x":1693267200000,"c":117.6115416578},"165":{"x":1693353600000,"c":118.0623681145},"166":{"x":1693440000000,"c":117.8738300081},"167":{"x":1693526400000,"c":118.0859002647},"168":{"x":1693872000000,"c":117.5906270284},"169":{"x":1693958400000,"c":116.7708322893},"170":{"x":1694044800000,"c":116.3958500932},"171":{"x":1694131200000,"c":116.5619030576},"172":{"x":1694390400000,"c":117.3456015468},"173":{"x":1694476800000,"c":116.6772144242},"174":{"x":1694563200000,"c":116.8220846229},"175":{"x":1694649600000,"c":117.8068853182},"176":{"x":1694736000000,"c":116.3743991912},"177":{"x":1694995200000,"c":116.4583386136},"178":{"x":1695081600000,"c":116.207835491},"179":{"x":1695168000000,"c":115.1160867273},"180":{"x":1695254400000,